<?xml version="1.0" encoding="utf-8"?>
<androidx.drawerlayout.widget.DrawerLayout xmlns:android="http://schemas.android.com/apk/res/android" xmlns:app="http://schemas.android.com/apk/res-auto" xmlns:aapt="http://schemas.android.com/aapt" android:id="@+id/drawer_layout" android:layout_width="match_parent" android:layout_height="match_parent">
    <FrameLayout android:layout_width="match_parent" android:layout_height="match_parent">
        <LinearLayout android:orientation="vertical" android:id="@+id/main_content_layout" android:background="@color/colorPrimaryDark" android:layout_width="match_parent" android:layout_height="match_parent">
            <androidx.appcompat.widget.Toolbar android:id="@+id/toolbar" android:background="?attr/colorPrimary" android:layout_width="match_parent" android:layout_height="wrap_content" android:minHeight="?attr/actionBarSize" app:popupTheme="@style/ThemeOverlay.AppCompat.Light" app:theme="@style/ThemeOverlay.AppCompat.Dark.ActionBar"/>
            <RelativeLayout android:layout_width="match_parent" android:layout_height="match_parent">
                <androidx.swiperefreshlayout.widget.SwipeRefreshLayout android:id="@+id/swiperefresh_items" android:layout_width="match_parent" android:layout_height="match_parent" android:layout_above="@+id/bottom_inset_background">
                    <WebView android:id="@+id/webView" android:layout_width="match_parent" android:layout_height="match_parent"/>
                </androidx.swiperefreshlayout.widget.SwipeRefreshLayout>
                <ProgressBar android:id="@+id/progressBar" android:layout_width="wrap_content" android:layout_height="wrap_content" android:indeterminate="true" android:layout_centerInParent="true"/>
                <View android:id="@+id/bottom_inset_background" android:background="#000" android:layout_width="match_parent" android:layout_height="0dp" android:layout_alignParentBottom="true"/>
            </RelativeLayout>
        </LinearLayout>
        <View android:layout_gravity="end" android:id="@+id/right_inset_background" android:background="#000" android:layout_width="0dp" android:layout_height="match_parent"/>
    </FrameLayout>
    <ImageView android:id="@+id/imageView" android:layout_width="wrap_content" android:layout_height="wrap_content" android:src="@drawable/splash" android:scaleType="centerCrop"/>
    <com.google.android.material.navigation.NavigationView android:layout_gravity="start" android:id="@+id/nav_view" android:layout_width="wrap_content" android:layout_height="match_parent" app:headerLayout="@layout/nav_header_main"/>
</androidx.drawerlayout.widget.DrawerLayout>
